taxon_id,scientific_name,common_name,is_final_species,original_sat_env__biolith_ap_test,refit_naip__biolith_ap_test,refit_sentinel__biolith_ap_test,original_sat_env__biolith_roc_auc_test,refit_naip__biolith_roc_auc_test,refit_sentinel__biolith_roc_auc_test,original_sat_env__fit_result_exists,refit_naip__fit_result_exists,refit_sentinel__fit_result_exists,original_sat_env__lppd_null_test,refit_naip__lppd_null_test,refit_sentinel__lppd_null_test,original_sat_env__lppd_oracle_test,refit_naip__lppd_oracle_test,refit_sentinel__lppd_oracle_test,original_sat_env__lppd_test,refit_naip__lppd_test,refit_sentinel__lppd_test,original_sat_env__lppd_test_norm,refit_naip__lppd_test_norm,refit_sentinel__lppd_test_norm,original_sat_env__lr_f1_test,refit_naip__lr_f1_test,refit_sentinel__lr_f1_test,original_sat_env__lr_map_test,refit_naip__lr_map_test,refit_sentinel__lr_map_test,original_sat_env__lr_mcc_test,refit_naip__lr_mcc_test,refit_sentinel__lr_mcc_test,original_sat_env__lr_precision_test,refit_naip__lr_precision_test,refit_sentinel__lr_precision_test,original_sat_env__lr_recall_test,refit_naip__lr_recall_test,refit_sentinel__lr_recall_test,refit_sentinel__delta_vs_original_sat_env__lppd_test,refit_sentinel__delta_vs_original_sat_env__lppd_null_test,refit_sentinel__delta_vs_original_sat_env__lppd_oracle_test,refit_sentinel__delta_vs_original_sat_env__lppd_test_norm,refit_sentinel__delta_vs_original_sat_env__biolith_ap_test,refit_sentinel__delta_vs_original_sat_env__biolith_roc_auc_test,refit_sentinel__delta_vs_original_sat_env__lr_map_test,refit_sentinel__delta_vs_original_sat_env__lr_precision_test,refit_sentinel__delta_vs_original_sat_env__lr_recall_test,refit_sentinel__delta_vs_original_sat_env__lr_f1_test,refit_sentinel__delta_vs_original_sat_env__lr_mcc_test,refit_naip__delta_vs_original_sat_env__lppd_test,refit_naip__delta_vs_original_sat_env__lppd_null_test,refit_naip__delta_vs_original_sat_env__lppd_oracle_test,refit_naip__delta_vs_original_sat_env__lppd_test_norm,refit_naip__delta_vs_original_sat_env__biolith_ap_test,refit_naip__delta_vs_original_sat_env__biolith_roc_auc_test,refit_naip__delta_vs_original_sat_env__lr_map_test,refit_naip__delta_vs_original_sat_env__lr_precision_test,refit_naip__delta_vs_original_sat_env__lr_recall_test,refit_naip__delta_vs_original_sat_env__lr_f1_test,refit_naip__delta_vs_original_sat_env__lr_mcc_test
e70effd7-855e-4ba3-966c-a4fbb74eab13,Taxidea taxus,american badger,False,0.12151541399433748,0.0471634982922314,0.04862228934311269,0.8097346972721224,0.739042747837658,0.7471723220226214,True,True,True,-290.5389404296875,-290.5645446777344,-290.5645446777344,-286.203369140625,-284.8717956542969,-284.8717956542969,-253.8389129638672,-275.48602294921875,-272.5535888671875,8.464865416561084,2.6487241342339445,3.1638415353275438,0.11290322580645161,0.034482758620689655,0.041237113402061855,0.12140280282925757,0.03531795980854921,0.03540346282234639,0.09762672468023452,0.004989253081275204,0.014603782945381453,0.07608695652173914,0.023809523809523808,0.03076923076923077,0.21875,0.0625,0.0625,-18.714675903320312,-0.025604248046875,1.331573486328125,-5.30102388123354,-0.07289312465122479,-0.06256237524950103,-0.08599934000691117,-0.045317725752508364,-0.15625,-0.07166611240438975,-0.08302294173485307,-21.647109985351562,-0.025604248046875,1.331573486328125,-5.8161412823271395,-0.07435191570210609,-0.07069194943446444,-0.08608484302070836,-0.05227743271221533,-0.15625,-0.07842046718576196,-0.09263747159895931
43320a08-bf31-49a5-8213-f032311c5765,Castor canadensis,american beaver,False,0.02347225122850728,0.011740334486271485,0.009938871292107325,0.7845435523868568,0.6515324705517669,0.5695714507129571,True,True,True,-312.3160705566406,-312.82769775390625,-312.82769775390625,-296.8301086425781,-298.7142333984375,-298.7142333984375,-287.8675231933594,-298.6548156738281,-324.4307556152344,1.5787554882903334,1.004210002810993,-0.8221268406599347,0.0,0.0,0.0,0.02172260006766138,0.007628650815313041,0.00790950832074494,0.0,0.0,0.0,0.0,0.0,0.0,0.0,0.0,0.0,-36.563232421875,-0.511627197265625,-1.884124755859375,-2.400882328950268,-0.013533379936399954,-0.21497210167389968,-0.013813091746916441,0.0,0.0,0.0,0.0,-10.78729248046875,-0.511627197265625,-1.884124755859375,-0.5745454854793404,-0.011731916742235794,-0.13301108183508992,-0.014093949252348342,0.0,0.0,0.0,0.0
436ddfdd-bc43-44c3-a25d-34671d3430a0,Ursus americanus,american black bear,True,0.37015265840756595,0.2481135299896099,0.2682588035992675,0.8052738046497705,0.7566508622017953,0.7728873084424017,True,True,True,-3254.254150390625,-3254.26220703125,-3254.26220703125,-1950.6728515625,-1907.0323486328125,-1907.0323486328125,-2915.734619140625,-3204.219482421875,-3181.697509765625,0.25968424950121444,0.037144904633322845,0.05386215040682709,0.305019305019305,0.24390243902439024,0.2607561929595828,0.3470526715582092,0.20541891209417862,0.22296376211205443,0.2719373703149104,0.13368528413028524,0.1489324804862962,0.49375,0.23684210526315788,0.24449877750611246,0.2206703910614525,0.25139664804469275,0.27932960893854747,-265.962890625,-0.008056640625,43.6405029296875,-0.20582209909438734,-0.10189385480829843,-0.032386496207368776,-0.12408890944615475,-0.24925122249388756,0.058659217877094966,-0.04426311205972222,-0.12300488982861418,-288.48486328125,-0.008056640625,43.6405029296875,-0.2225393448678916,-0.12203912841795606,-0.04862294244797516,-0.14163375946403056,-0.25690789473684217,0.030726256983240247,-0.06111686599491478,-0.13825208618462514
819ea972-9d43-40f8-a47d-f415c816de94,Martes americana,american marten,False,0.04464249652015949,0.017896341992254823,0.023952903690719132,0.8857142857142857,0.767965367965368,0.8326118326118326,True,True,True,-46.268733978271484,-46.26873016357422,-46.26873016357422,-45.88753128051758,-45.649871826171875,-45.649871826171875,-56.69847869873047,-69.47917938232422,-69.3329086303711,-27.360102071450015,-37.50527029525982,-37.268914504099115,0.0,0.0,0.0,0.14782163134531726,0.03375915228596605,0.03615144499062728,0.0,-0.016028543399253116,-0.022823214900856082,0.0,0.0,0.0,0.0,0.0,0.0,-12.634429931640625,3.814697265625e-06,0.23765945434570312,-9.9088124326491,-0.020689592829440356,-0.053102453102453095,-0.11167018635468998,0.0,0.0,0.0,-0.022823214900856082,-12.78070068359375,3.814697265625e-06,0.23765945434570312,-10.145168223809804,-0.026746154527904666,-0.11774891774891771,-0.11406247905935121,0.0,0.0,0.0,-0.016028543399253116
ba76d46e-25de-45e2-90a8-bd279b650f7c,Lynx rufus,bobcat,True,0.3209899119640143,0.27307875665233605,0.28597121679912163,0.7126406362390239,0.6802429611343614,0.7052833725125484,True,True,True,-4200.3359375,-4202.38671875,-4202.38671875,-2676.748779296875,-2686.319091796875,-2686.319091796875,-4025.716796875,-3949.3349609375,-3877.0400390625,0.11461053585601286,0.16691323877224645,0.21459905475414476,0.06942148760330578,0.05309734513274336,0.03907637655417407,0.26314514846463516,0.25890271399669723,0.2658434407387863,0.03279031832001724,0.04555711316068284,0.021180877429793594,0.22826086956521738,0.28846153846153844,0.22,0.04093567251461988,0.029239766081871343,0.021442495126705652,148.6767578125,-2.05078125,-9.5703125,0.0999885188981319,-0.035018695164892644,-0.007357263726475494,0.0026982922741511373,-0.008260869565217377,-0.01949317738791423,-0.030345111049131714,-0.011609440890223647,76.3818359375,-2.05078125,-9.5703125,0.052302702916233595,-0.04791115531167822,-0.032397675104662405,-0.004242434467937928,0.06020066889632106,-0.011695906432748537,-0.016324142470562422,0.012766794840665598
5acf63fb-339d-42b1-af7e-95f6151ae5fb,Pecari tajacu,collared peccary,True,0.408938642910563,0.49653773303521576,0.5496457597400847,0.7089171974522293,0.7777070063694268,0.7839490445859872,True,True,True,-527.4453125,-527.4459838867188,-527.4459838867188,-333.00189208984375,-332.0203857421875,-332.0203857421875,-491.2453918457031,-476.5915832519531,-476.6461181640625,0.18617200097559108,0.2602238453795349,0.25994478822107075,0.0,0.25806451612903225,0.25806451612903225,0.40392557768762616,0.4816221988689003,0.4816221988689003,0.0,0.24638891274838387,0.24638891274838387,0.0,0.6666666666666666,0.6666666666666666,0.0,0.16,0.16,14.599273681640625,-0.00067138671875,0.98150634765625,0.07377278724547967,0.1407071168295217,0.07503184713375799,0.07769662118127413,0.6666666666666666,0.16,0.25806451612903225,0.24638891274838387,14.65380859375,-0.00067138671875,0.98150634765625,0.07405184440394383,0.08759909012465278,0.06878980891719755,0.07769662118127413,0.6666666666666666,0.16,0.25806451612903225,0.24638891274838387
aaf3b049-36e6-46dd-9a07-8a580e9618b7,Canis latrans,coyote,True,0.4721156647915961,0.44608346333919024,0.44308981767575,0.5814777156414166,0.5384646670055923,0.5302335596160173,True,True,True,-9278.3134765625,-9277.57421875,-9277.57421875,-5435.07763671875,-5468.41455078125,-5468.41455078125,-9392.333984375,-9418.5537109375,-9505.150390625,-0.029667840477136994,-0.037010654442500145,-0.05974445591994728,0.17484868863483524,0.02900763358778626,0.021521906225980016,0.46911757871689547,0.3927576288356309,0.38855479782829544,0.11909413274326586,0.031990264929486284,0.026724431937902096,0.6132075471698113,0.5428571428571428,0.5384615384615384,0.10196078431372549,0.014901960784313726,0.010980392156862745,-112.81640625,0.7392578125,-33.3369140625,-0.030076615442810286,-0.029025847115846104,-0.051244156025399334,-0.08056278088860003,-0.07474600870827286,-0.09098039215686274,-0.15332678240885522,-0.09236970080536376,-26.2197265625,0.7392578125,-33.3369140625,-0.007342813965363151,-0.026032201452405868,-0.043013048635824336,-0.07635994988126454,-0.07035040431266848,-0.08705882352941176,-0.14584105504704897,-0.08710386781377957
f67c4346-bbbd-43d5-9b19-b541d493019b,Tamiasciurus douglasii,douglas's squirrel,True,0.3463717013821609,0.23730051585668432,0.22568654684995854,0.7031028368794326,0.5854609929078015,0.5620567375886525,True,True,True,-659.9481201171875,-658.9203491210938,-658.9203491210938,-281.64984130859375,-274.32135009765625,-274.32135009765625,-520.813232421875,-661.511962890625,-674.4300537109375,0.36779149017939383,-0.00673848287726125,-0.040326949964054865,0.0,0.0,0.0,0.5106111780405669,0.2898174818703487,0.327750884276353,0.0,0.0,0.0,0.0,0.0,0.0,0.0,0.0,0.0,-153.6168212890625,1.02777099609375,7.3284912109375,-0.40811844014344867,-0.12068515453220235,-0.14104609929078016,-0.18286029376421387,0.0,0.0,0.0,0.0,-140.69873046875,1.02777099609375,7.3284912109375,-0.3745299730566551,-0.10907118552547657,-0.11764184397163113,-0.22079369617021816,0.0,0.0,0.0,0.0
1db1c6e2-2ea9-45a6-ab69-a730133298eb,Tamias striatus,eastern chipmunk,True,0.2182150759456376,0.21494945409513175,0.2195918117241063,0.706561694566616,0.7194033150385097,0.7185924749092696,True,True,True,-4388.4580078125,-4390.3291015625,-4390.3291015625,-2136.755859375,-2169.80615234375,-2169.80615234375,-3812.78759765625,-3869.28076171875,-3984.246337890625,0.2556601060916156,0.23465118431992393,0.18287708479425882,0.0,0.12244897959183673,0.1141732283464567,0.257354955575981,0.20996919808213269,0.22080546579033564,0.0,0.008333776462061666,0.027520928061395483,0.0,0.14342629482071714,0.1695906432748538,0.0,0.10682492581602374,0.08605341246290801,-171.458740234375,-1.87109375,-33.05029296875,-0.07278302129735678,0.0013767357784686962,0.01203078034265359,-0.036549489785645345,0.1695906432748538,0.08605341246290801,0.1141732283464567,0.027520928061395483,-56.4931640625,-1.87109375,-33.05029296875,-0.02100892177169167,-0.0032656218505058565,0.012841620471893744,-0.047385757493848296,0.14342629482071714,0.10682492581602374,0.12244897959183673,0.008333776462061666
667a4650-a141-4c4e-844e-58cdeaeb4ae1,Sylvilagus floridanus,eastern cottontail,True,0.2771838532656561,0.23795771117926265,0.2282587104163426,0.6944864493500389,0.6476418795537959,0.6330173021641265,True,True,True,-5478.15869140625,-5477.6904296875,-5477.6904296875,-3142.542236328125,-3180.15771484375,-3180.15771484375,-5352.04150390625,-5591.82080078125,-5703.10498046875,0.05399738780988399,-0.049675188673651484,-0.09811157391792784,0.014519056261343012,0.02821869488536155,0.0,0.27235814885512205,0.2378677214504481,0.23429292895152243,0.02013105035580264,0.024571886173956038,-0.02318369546387775,0.2857142857142857,0.26666666666666666,0.0,0.0074487895716946,0.0148975791433892,0.0,-351.0634765625,0.46826171875,-37.615478515625,-0.15210896172781183,-0.048925142849313485,-0.06146914718591234,-0.03806521990359962,-0.2857142857142857,-0.0074487895716946,-0.014519056261343012,-0.04331474581968039,-239.779296875,0.46826171875,-37.615478515625,-0.10367257648353548,-0.03922614208639344,-0.04684456979624296,-0.03449042740467395,-0.019047619047619035,0.0074487895716946,0.013699638624018538,0.0044408358181534
e07c537d-08b8-4c31-9768-51e4adf5a5ab,Sciurus niger,eastern fox squirrel,True,0.46702204900082944,0.5336636438641188,0.26278457099914954,0.8161818320744008,0.7571633628782257,0.7114690215255643,True,True,True,-6794.6728515625,-6795.70361328125,-6795.70361328125,-2603.09423828125,-2535.150634765625,-2535.150634765625,-4062.866455078125,-4661.34423828125,-5114.6337890625,0.6517368868684688,0.5009582994890044,0.39456611212106885,0.2953271028037383,0.565625,0.49297971918876754,0.38379223150111674,0.4995149185357053,0.4179283167484184,0.25727933949472903,0.5201798751164355,0.4369894683148862,0.47878787878787876,0.6703703703703704,0.5830258302583026,0.21351351351351353,0.4891891891891892,0.42702702702702705,-1051.767333984375,-1.03076171875,67.943603515625,-0.2571707747473999,-0.2042374780016799,-0.10471281054883641,0.03413608524730166,0.1042379514704238,0.21351351351351353,0.19765261638502923,0.1797101288201572,-598.477783203125,-1.03076171875,67.943603515625,-0.15077858737946437,0.06664159486328936,-0.05901846919617504,0.11572268703458854,0.19158249158249163,0.27567567567567564,0.27029789719626174,0.26290053562170645
86f5b978-4f30-40cc-bd08-be9e3fba27a0,Sciurus carolinensis,eastern gray squirrel,True,0.7674969718569562,0.7311253327075886,0.7780253877835843,0.8168969635646348,0.7864239893023377,0.8098752771171112,True,True,True,-12743.1767578125,-12743.17578125,-12743.17578125,-6042.35546875,-6061.72607421875,-6061.72607421875,-10284.154296875,-11261.236328125,-10865.296875,0.36697329399774775,0.22179908823761335,0.2810586008413424,0.6596942880128721,0.6026237833262802,0.6520503451075924,0.7571375947025961,0.7305292517096108,0.7804464740231752,0.4149669616512416,0.3551752966676457,0.4083821238877187,0.7529843893480257,0.7370600414078675,0.7532833020637899,0.5869720830350752,0.5096635647816751,0.5748031496062992,-581.142578125,0.0009765625,-19.37060546875,-0.08591469315640538,0.01052841592662812,-0.007021686447523656,0.023308879320579123,0.0002989127157642102,-0.012168933428776008,-0.007643942905279699,-0.006584837763522866,-977.08203125,0.0009765625,-19.37060546875,-0.1451742057601344,-0.036371639149367585,-0.030472974262297114,-0.026608342992985312,-0.01592434794015818,-0.07730851825340013,-0.057070504686591916,-0.059791664983595894
41930eb4-2283-445a-8758-1f0b2ff43cf9,Spilogale putorius,eastern spotted skunk,False,0.01815303758521808,0.0034947226283121658,0.017140149697984775,0.9050436580882353,0.6468864889705882,0.5882352941176471,True,True,True,-44.9064826965332,-44.9925537109375,-44.9925537109375,-44.777679443359375,-44.927978515625,-44.927978515625,-42.7557373046875,-47.76457977294922,-46.21807098388672,16.697912039093737,-42.92710302457467,-18.9781427221172,0.08333333333333333,0.0,0.0,0.046319693628486557,0.02593520613869222,0.0035520467567649447,0.14628684458650643,0.0,-0.0033208003844160386,0.045454545454545456,0.0,0.0,0.5,0.0,0.0,-3.4623336791992188,-0.08607101440429688,-0.150299072265625,-35.676054761210935,-0.0010128878872333047,-0.3168083639705882,-0.04276764687172161,-0.045454545454545456,-0.5,-0.08333333333333333,-0.14960764497092247,-5.008842468261719,-0.08607101440429688,-0.150299072265625,-59.62501506366841,-0.014658314956905914,-0.2581571691176471,-0.020384487489794337,-0.045454545454545456,-0.5,-0.08333333333333333,-0.14628684458650643
96fe1a07-7ef1-4a2f-99e1-ec2c9a78b532,Ardea herodias,great blue heron,False,0.015075708288772492,0.011878871259475413,0.016731479853288045,0.6292812827558855,0.5481316751182753,0.60043249572698,True,True,True,-461.35235595703125,-461.2955627441406,-461.2955627441406,-437.3038635253906,-434.4856262207031,-434.4856262207031,-457.38311767578125,-450.1934814453125,-445.32000732421875,0.16505143898449406,0.41410322956649226,0.5958818815537252,0.0,0.0,0.0,0.012978145423915113,0.010616725168125582,0.012178440067247354,0.0,-0.008382151690992361,0.0,0.0,0.0,0.0,0.0,0.0,0.0,12.0631103515625,0.056793212890625,2.8182373046875,0.4308304425692312,0.0016557715645155527,-0.028848787028905476,-0.0007997053566677591,0.0,0.0,0.0,0.0,7.18963623046875,0.056793212890625,2.8182373046875,0.2490517905819982,-0.0031968370292970796,-0.08114960763761014,-0.0023614202557895314,0.0,0.0,0.0,-0.008382151690992361
ffe603fc-4920-4302-96d0-65f708bd5b2d,Urocyon cinereoargenteus,grey fox,False,0.10427866845148843,0.14765827439149296,0.18583725016307745,0.6747428229665071,0.7549393369788107,0.7547351332877648,True,True,True,-2181.52490234375,-2181.710205078125,-2181.710205078125,-1355.443115234375,-1308.4083251953125,-1308.4083251953125,-2138.155029296875,-2031.6260986328125,-2147.841796875,0.05250070116983797,0.1718582198236561,0.03878201682981579,0.0,0.0,0.0,0.12863169401861166,0.14685747112632597,0.150485257971635,0.0,-0.006144342497752621,-0.016286331183738147,0.0,0.0,0.0,0.0,0.0,0.0,-9.686767578125,-0.185302734375,47.0347900390625,-0.013718684340022179,0.08155858171158901,0.07999231032125764,0.021853563953023347,0.0,0.0,0.0,-0.016286331183738147,106.5289306640625,-0.185302734375,47.0347900390625,0.11935751865381813,0.04337960594000452,0.08019651401230354,0.018225777107714308,0.0,0.0,0.0,-0.006144342497752621
df4c64cf-306d-4bf2-aa86-9e9c8d81fd41,Mustela frenata,long-tailed weasel,False,0.018115849225951056,0.024257835718635448,0.03184307041989916,0.6937023711719879,0.7510411059803395,0.7675004957647525,True,True,True,-374.129638671875,-373.42578125,-373.42578125,-327.5700378417969,-321.7760925292969,-321.7760925292969,-359.5281982421875,-347.4572448730469,-342.0013732910156,0.3136075088567936,0.5027820500018612,0.6084142758132112,0.0,0.0,0.0,0.015006009788687248,0.02412670810375909,0.032705455202946314,0.0,0.0,0.0,0.0,0.0,0.0,0.0,0.0,0.0,17.526824951171875,0.703857421875,5.7939453125,0.29480676695641755,0.013727221193948102,0.07379812459276469,0.017699445414259066,0.0,0.0,0.0,0.0,12.070953369140625,0.703857421875,5.7939453125,0.18917454114506754,0.006141986492684392,0.05733873480835161,0.00912069831507184,0.0,0.0,0.0,0.0
febff896-db40-4ac8-bcfe-5bb99a600950,Odocoileus hemionus,mule deer,True,0.20487784396725722,0.1837750227164337,0.18987720699065117,0.37289609260436807,0.2685712679029488,0.294579478062264,True,True,True,-2724.113525390625,-2724.12255859375,-2724.12255859375,-1568.8446044921875,-1576.71484375,-1576.71484375,-3375.45947265625,-3709.09130859375,-3533.73388671875,-0.5638046133527783,-0.8584296037560891,-0.7056003874222251,0.1362530413625304,0.15668202764976957,0.16839677047289503,0.17967740619871714,0.18028450684910421,0.1832063975240693,-0.3630214466474385,-0.36555390053134695,-0.3435462914451254,0.10586011342155009,0.11826086956521739,0.12717770034843207,0.19112627986348124,0.23208191126279865,0.24914675767918087,-158.2744140625,-0.009033203125,-7.8702392578125,-0.14179577406944677,-0.015000636976606058,-0.07831661454210409,0.003528991325352171,0.021317586926881973,0.058020477815699634,0.032143729110364616,0.019475155202313132,-333.6318359375,-0.009033203125,-7.8702392578125,-0.2946249904033108,-0.021102821250823522,-0.1043248247014193,0.0006071006503870768,0.0124007561436673,0.040955631399317405,0.02042898628723916,-0.0025324538839084365
07843615-e1fc-49d8-9821-fd1d7ff2e773,Dasypus novemcinctus,nine-banded armadillo,True,0.35472163043408517,0.369473598635907,0.3574695861584501,0.5846111335155562,0.557301608639154,0.5701483174261774,True,True,True,-3498.285888671875,-3498.2802734375,-3498.2802734375,-2288.6533203125,-2292.262451171875,-2292.262451171875,-3429.000732421875,-3664.213134765625,-3678.069580078125,0.05727785284747374,-0.1375874039874498,-0.14907682400818326,0.1893939393939394,0.14254859611231102,0.215929203539823,0.35256816907347877,0.35410099367079995,0.35022015126431444,0.035079035582048404,0.06882067453100098,0.0295919881707507,0.3546099290780142,0.4342105263157895,0.34269662921348315,0.12919896640826872,0.08527131782945736,0.15762273901808785,-249.06884765625,0.005615234375,-3.609130859375,-0.206354676855657,0.0027479557243649255,-0.014462816089378716,-0.0023480178091643267,-0.011913299864531046,0.028423772609819126,0.026535264145883614,-0.005487047411297703,-235.21240234375,0.005615234375,-3.609130859375,-0.19486525683492356,0.014751968201821841,-0.027309524876402147,0.0015328245973211807,0.0796005972377753,-0.04392764857881136,-0.04684534328162837,0.033741638948952574
b57debc1-dff2-48d3-a400-f2b5021e71b0,Procyon lotor,northern raccoon,True,0.7580747905656094,0.678725342233517,0.6685730196170826,0.7675683988160551,0.6933249693468262,0.6956181976270903,True,True,True,-14259.4296875,-14254.7763671875,-14254.7763671875,-7156.525390625,-7225.18603515625,-7225.18603515625,-11732.8193359375,-13624.6669921875,-13195.14453125,0.35571510553424035,0.08963671355481756,0.15073877507614472,0.6124004156563907,0.4732350659425912,0.44,0.7536126965387646,0.6593059899180735,0.6549875759606665,0.3389474418236137,0.21079412169684916,0.16493512642181554,0.7428571428571429,0.6923950056753689,0.6576787807737398,0.5209192692987625,0.3594578668238067,0.3305833824395993,-1462.3251953125,4.6533203125,-68.66064453125,-0.20497633045809563,-0.08950177094852685,-0.07195020118896478,-0.09862512057809814,-0.08517836208340313,-0.19033588685916325,-0.1724004156563907,-0.17401231540179815,-1891.84765625,4.6533203125,-68.66064453125,-0.2660783919794228,-0.07934944833209245,-0.0742434294692289,-0.09430670662069107,-0.05046213718177395,-0.16146140247495583,-0.1391653497137995,-0.12815332012676453
00804e75-09ef-44e5-8984-85e365377d47,Antilocapra americana,pronghorn,False,0.40589017976909636,0.4194777288382687,0.3956934424605162,0.8448818482312399,0.8940150502848302,0.8443192207609537,True,True,True,-629.1326293945312,-629.0440063476562,-629.0440063476562,-604.9796752929688,-598.617431640625,-598.617431640625,-504.5235290527344,-549.2203369140625,-550.5588989257812,5.1591660306983185,2.623485232964701,2.579492045279022,0.12307692307692308,0.031746031746031744,0.08571428571428572,0.3254578960449121,0.2845516665565852,0.3005325586152519,0.20064977294223676,0.05168840392852771,0.09617545384257543,0.6666666666666666,0.25,0.2727272727272727,0.06779661016949153,0.01694915254237288,0.05084745762711865,-46.035369873046875,0.088623046875,6.36224365234375,-2.5796739854192965,-0.010196737308580173,-0.0005626274702862366,-0.024925337429660188,-0.3939393939393939,-0.016949152542372878,-0.03736263736263737,-0.10447431909966133,-44.696807861328125,0.088623046875,6.36224365234375,-2.5356807977336175,0.013587549069172367,0.049133202053590286,-0.040906229488326895,-0.41666666666666663,-0.05084745762711865,-0.09133089133089134,-0.14896136901370904
ac0e8ba7-7261-4d17-8645-11ed3d02165a,Vulpes vulpes,red fox,True,0.35960332947982876,0.3769907104415329,0.40778846376080424,0.774278009556623,0.8100128461149407,0.8251974605375739,True,True,True,-5081.09130859375,-5081.6376953125,-5081.6376953125,-2655.75341796875,-2765.696044921875,-2765.696044921875,-4389.236328125,-4163.89404296875,-3949.213623046875,0.28526127561156506,0.39627235521627074,0.4889691724636592,0.3713450292397661,0.24715447154471545,0.3392330383480826,0.35756021134252386,0.36761488617774324,0.3953793318985714,0.3275913025093544,0.21789885163423175,0.29252618576365724,0.5497835497835498,0.4691358024691358,0.5111111111111111,0.2803532008830022,0.16777041942604856,0.25386313465783666,440.022705078125,-0.54638671875,-109.942626953125,0.20370789685209412,0.04818513428097548,0.050919450980950964,0.037819120556047525,-0.03867243867243875,-0.02649006622516553,-0.032111990891683484,-0.03506511674569718,225.34228515625,-0.54638671875,-109.942626953125,0.11101107960470569,0.017387380961704113,0.03573483655831777,0.01005467483521938,-0.08064774731441404,-0.11258278145695363,-0.12419055769505064,-0.10969245087512267
0f2e2c41-f1bb-4cdd-8e97-ba7cffba3e86,Lepus americanus,snowshoe hare,False,0.1986758587086406,0.14004064379148357,0.12979603547391083,0.8217907106883044,0.8127886588323073,0.7770714418951689,True,True,True,-1288.0169677734375,-1289.316162109375,-1289.316162109375,-753.3680419921875,-672.7464599609375,-672.7464599609375,-1388.0772705078125,-1113.85546875,-1208.7867431640625,-0.1871514145252662,0.2845756006952371,0.13060878383207558,0.0,0.024691358024691357,0.0,0.2198084379155126,0.1406488032643968,0.11770789939456737,0.0,0.03654914127531476,0.0,0.0,0.16666666666666666,0.0,0.0,0.013333333333333334,0.0,179.29052734375,-1.2991943359375,80.62158203125,0.3177601983573418,-0.06887982323472977,-0.04471926879313559,-0.10210053852094524,0.0,0.0,0.0,0.0,274.2218017578125,-1.2991943359375,80.62158203125,0.4717270152205033,-0.058635214917157036,-0.009002051855997117,-0.0791596346511158,0.16666666666666666,0.013333333333333334,0.024691358024691357,0.03654914127531476
87be3a5c-e60a-4e7e-88c7-21544914d067,Didelphis virginiana,virginia opossum,True,0.40532509807117556,0.3902749246441656,0.4039017438192614,0.645844433936312,0.6270052751643327,0.6391396259046388,True,True,True,-8642.29296875,-8641.0517578125,-8641.0517578125,-5326.3603515625,-5284.64453125,-5284.64453125,-9083.0615234375,-8893.427734375,-8564.7490234375,-0.13292446064882646,-0.07519229924343046,0.022733455514915648,0.047666335650446874,0.08108108108108109,0.1256931608133087,0.3929693295289106,0.39903015958986393,0.4134479926665902,0.009010799874053699,0.04330197983065864,0.0746416633716584,0.34285714285714286,0.42424242424242425,0.4689655172413793,0.025613660618996798,0.044823906083244394,0.07257203842049093,518.3125,1.2412109375,41.7158203125,0.1556579161637421,-0.001423354251914144,-0.006704808031673171,0.020478663137679598,0.12610837438423644,0.04695837780149413,0.07802682516286183,0.06563086349760469,189.6337890625,1.2412109375,41.7158203125,0.057732161405396,-0.015050173427009983,-0.01883915877197928,0.006060830060953315,0.0813852813852814,0.019210245464247596,0.03341474543063421,0.034291179956604946
16ec4010-f175-4de7-8a99-85aadec3963b,Sciurus griseus,western gray squirrel,True,0.22505413881991637,0.383870743796179,0.45915156150821707,0.6130272952853598,0.823697270471464,0.873697270471464,True,True,True,-385.7362976074219,-385.1676025390625,-385.1676025390625,-301.9948425292969,-304.739013671875,-304.739013671875,-433.3375244140625,-358.3130798339844,-356.521728515625,-0.5684308537776417,0.333892749870612,0.3561653191595927,0.0,0.0,0.0,0.35421641314031227,0.3883900465331704,0.4421004395085606,0.0,0.0,0.0,0.0,0.0,0.0,0.0,0.0,0.0,76.8157958984375,0.568695068359375,-2.744171142578125,0.9245961729372344,0.2340974226883007,0.26066997518610413,0.08788402636824832,0.0,0.0,0.0,0.0,75.02444458007812,0.568695068359375,-2.744171142578125,0.9023236036482537,0.15881660497626265,0.2106699751861042,0.034173633392858116,0.0,0.0,0.0,0.0
f7fb32b6-1531-44e9-a7e2-a3197edafdb9,Ammospermophilus leucurus,white-tailed antelope squirrel,False,0.6054779034616616,0.627540080410027,0.7880460835910419,0.9455555555555556,0.9777777777777777,0.9848888888888889,True,True,True,-340.7539978027344,-340.91192626953125,-340.91192626953125,-160.56483459472656,-156.9003143310547,-156.9003143310547,-179.15231323242188,-155.1633758544922,-141.05917358398438,0.8968446364544232,1.0094392873268412,1.0860877233789286,0.0,0.6153846153846154,0.7619047619047619,0.7003837393543276,0.5651641270769943,0.7948220687777381,0.0,0.5874190278874801,0.7511561620875764,0.0,0.5714285714285714,0.6666666666666666,0.0,0.6666666666666666,0.8888888888888888,38.0931396484375,-0.157928466796875,3.664520263671875,0.1892430869245053,0.18256818012938025,0.03933333333333333,0.09443832942341046,0.6666666666666666,0.8888888888888888,0.7619047619047619,0.7511561620875764,23.988937377929688,-0.157928466796875,3.664520263671875,0.11259465087241793,0.02206217694836532,0.03222222222222215,-0.13521961227733337,0.5714285714285714,0.6666666666666666,0.6153846153846154,0.5874190278874801
5c7ce479-8a45-40b3-ae21-7c97dfae22f5,Odocoileus virginianus,white-tailed deer,True,0.9264034731511737,0.8939989014544987,0.8879885905333513,0.8222307240000478,0.7779601312510259,0.7677913286938262,True,True,True,-16769.033203125,-16767.869140625,-16767.869140625,-9398.0078125,-9401.537109375,-9401.537109375,-14127.1572265625,-14834.9189453125,-15204.3076171875,0.3584136312869886,0.2624033490633324,0.2122578125455713,0.869172314643664,0.8032321467569338,0.7915381225209344,0.8985823555137087,0.8985755521753135,0.8910742434505429,0.4790843974242746,0.36268407201236935,0.3428669086681694,0.8958509737510584,0.8875482625482626,0.8842934515017233,0.8440366972477065,0.7335460710011966,0.7163940965297168,-1077.150390625,1.1640625,-3.529296875,-0.1461558187414173,-0.03841488261782233,-0.05443939530622166,-0.007508112063165817,-0.01155752224933504,-0.12764260071798972,-0.0776341921227296,-0.13621748875610523,-707.76171875,1.1640625,-3.529296875,-0.09601028222365621,-0.03240457169667499,-0.0442705927490219,-6.80333839520042e-06,-0.008302711202795798,-0.11049062624650985,-0.06594016788673018,-0.11640032541190526
